 time,vel,alt
0.1,0.00000000,10
0.2,7.53000000,20
0.3,11.29000000,35
0.4,15.02000000,40
0.5,18.74000000,42
